n,m_n,r_n,methods
1,1,1,"A, B, C"
2,2,2,"A, B, C"
3,7,5,"A, B, C"
4,22,11,"A, B, C"
5,55,33,"A, B, C"
6,121,74,"A, B, C"
7,214,144,"A, B, C"
8,475,232,"A, B, C"
9,970,639,"A, B, C"
10,2122,1406,"A, B, C"
11,4316,3164,"A, B, C"
12,8876,4992,"A, B, C"
13,16443,12501,"A, B, C"
14,36281,26973,"A, B, C"
15,72909,55937,"A, B, C"
16,162536,104169,"A, B, C"
17,321419,266428,"A, B, C"
18,656225,517316,"A, B, C"
19,1198005,941970,"A, B, C"
20,2634534,1742608,"A, B, C"
21,5243230,4424434,"A, C"
22,11497714,9366627,"A, C"
23,22571793,18579721,"A, C"
24,47110953,32869555,"C, D"
25,86046455,73299324,"C, D"
26,186702111,153092515,"C, D"
27,364554584,301274742,"C, D"
28,799401460,572885293,"C, D"
